title,forename,middle_names,surname,gender,date_of_birth,home_building_name,home_building_number,home_sub_building,home_street,home_city,home_county,home_postcode,home_phone_number,mobile_phone_number,email_address
Mr,Steven,Thomas,White,male,15/07/1929,,17,,Durley Lane,Balling Bustett,Redfieldshire,FK2 3UF,04479 117 111,06043 518 173,white1929@fmail.com
Mr,Mohammed,Harjes,Catsizar,male,26/08/1949,,17,,Durley Lane,Balling Bustett,Redfieldshire,FK2 3UF,04479 117 111,06435 058 486,mohammedcatsizar@coldmail.com
Mr,Christon,Paul,Tions,male,01/06/1967,,17,,Durley Lane,Balling Bustett,Redfieldshire,FK2 3UF,,06733 295 431,tions1967@lukemail.co.uk
Mrs,Beverley,,Abrood,female,04/05/1968,,9,,Theman Street,Sesourn,Pantygholuthshire,OL3 8TH,04272 434 630,06640 013 118,abrood1968@fmail.com
,Brian,,Gething,male,13/06/1934,26A,,,Sycrafflar Park Road,Blockley,Hendurgonshire,TR24 0HJ,04255 073 882,06049 385 264,gething1934@fmail.com
Ms,Karen,Rose,Rand,female,18/06/1927,26A,,,Sycrafflar Park Road,Blockley,Hendurgonshire,TR24 0HJ,04255 073 882,,karenrand@fmail.com
Mr,David,,Jackson,male,30/06/1982,,51,,Call Hall Road,Inchenlon,Minghearland,DN51 0DR,04457 246 042,06686 257 503,davidjackson@lukemail.co.uk
Mr,Keirh,,Almester,male,14/04/1973,,51,,Call Hall Road,Inchenlon,Minghearland,DN51 0DR,04457 246 042,,keirhalmester@lukemail.co.uk
Mrs,Jane,,Webb,female,18/06/1997,,51,,Call Hall Road,Inchenlon,Minghearland,DN51 0DR,04457 246 042,,webb1997@lukemail.co.uk
Miss,Meetty,Jean,Coldy,female,04/08/1967,,51,,Call Hall Road,Inchenlon,Minghearland,DN51 0DR,04457 246 042,06292 627 225,meettycoldy@fmail.com
Mrs,Lesley,Ann,Mulwood,female,22/12/1966,,52,,Call Hall Road,Inchenlon,Minghearland,DN51 0DR,04457 246 042,06144 257 313,lesleymulwood@coldmail.com
,Cary,Edlera,Tame,female,11/03/1987,,4,,Comber Street,Tatuchlm,Newfornphleeshire,GU17 6GX,04967 529 341,06280 406 567,tame1987@coldmail.com
Mrs,Susanne,,Cyrpon,female,25/09/1951,,70,,Delvale Close,Antcolm,Caurston-Clmewortshire,BT48 8UH,04214 377 468,06843 080 847,cyrpon1951@fmail.com
Ms,Gaillera,Joan,Buckletto,female,07/08/1995,,4,,Comber Street,Tatuchlm,Newfornphleeshire,GU17 6GX,04967 529 341,,gaillerabuckletto@fmail.com
Mrs,Pioda,,Naphani,female,23/01/1995,,4,,Comber Street,Tatuchlm,Newfornphleeshire,GU17 6GX,04967 529 341,06833 990 060,piodanaphani@lukemail.co.uk
Mr,Peter,Schofwell Heredray,Smairt,male,21/12/1981,Brynti Court,,,Rydsworth Park,Bailton Tiden,Srawershire,SS0 0GX,04423 635 236,06551 161 252,smairt1981@lukemail.co.uk
Mrs,Deborah,Elaine,Rowen,female,13/02/1994,Grove 12-2,,,West Street,Lhipoche-Tampilozes Green,Lochsnewkshire,AB14 8AN,04407 287 731,06376 168 556,rowen1994@lukemail.co.uk
Mr,Coweth,Steven,Macdougall,male,01/04/1935,,4,,Comber Street,Tatuchlm,Newfornphleeshire,GU17 6GX,04967 529 341,06165 823 797,macdougall1935@fmail.com
,Yvonne,Carile,Laureward,female,03/05/1966,,61,,Wayuley Road,Ballleg,Loetaepshire,DH5 0EE,04677 452 988,06410 859 713,laureward1966@lukemail.co.uk
